نام محصول *,Slug,SKU,دسته‌بندی ,توصیف کوتاه,مشخصات,قیمت واحد ,تعداد موجودی 
 kingkong پاوربانک      ,kingkong-power-bank,PWB-KINGKONG-30000,لوازم جانبی سفر,پاوربانک‌ 27w با قابلیت fast charging ,"رنگ: سفید; ظرفیت: 30000 mAh; پورت‌: USB, Type-c;","4,200,000.00",4
 kingkong پاوربانک      ,kingkong-power-bank,PWB-KINGKONG-50000,لوازم جانبی سفر,پاوربانک‌ 27w با قابلیت fast charging ,"رنگ: سفید; ظرفیت: 50000 mAh; پورت‌: USB, Type-c;","6,800,000.00",4
صندلی مسافرتی تاشو Edrik,edrik-folding-travel-chair,CHR-EDRIK-FOLD,مبلمان کمپینگ,"برزنتی، مستحکم، اتصالات آلومنیومی، طراحی ارگونومیک",رنگ: طوسی; وزن: ۳۴۰۰گرم; کیف: دارد; جیب: دارد;,"5,100,000.00",7
صندلی مسافرتی مبلی Edrik,edrik-travel-armchair,CHR-EDRIK-ARM,مبلمان کمپینگ,"برزنتی، مستحکم، اتصالات آلومنیومی، طراحی ارگونومیک، دارای جای لیوانی",رنگ: قرمز; وزن: ۳۵۰۰گرم; کیف: دارد; جیب: دارد;,"5,100,000.00",6
پک مسافرتی Edrik (چهارنفره),edrik-travel-set-4-person,SET-EDRIK-4P,مبلمان کمپینگ,"برزنتی( سومیت )، مستحکم، دارای دو صندلی، دو چهارپایه و یک میز ",رنگ: مشکی; وزن: نامعلوم; کیف: دارد; ,"7,800,000.00",2
میز مسافرتی تاشو چوبی Edrik (دونفره),edrik-wooden-folding-table-2-person,TBL-EDRIK-WOOD-2P,مبلمان کمپینگ,"چوب پلای‌وود و آبگریز، پایه‌های فلزی، طراحی ارگونومیک، درجه یک",رنگ: قهوه‌ای روشن; وزن: ۳۰۰۰گرم; ابعاد: ۷۰*۵۰; ارتفاع: ۵۹;,"3,000,000.00",3
میز مسافرتی تاشو چوبی Edrik (چهارنفره),edrik-wooden-folding-table-4-person,TBL-EDRIK-WOOD-4P,مبلمان کمپینگ,"چوب پلای‌وود و آبگریز، پایه‌های فلزی، طراحی ارگونومیک، درجه یک",رنگ: قهوه‌ای روشن; وزن:۳۶۰۰گرم; ابعاد: ۸۶*۶۱; ارتفاع: ۶۷;,"4,200,000.00",3
صندلی ساحلی دسته چوبی Edrik,edrik-wooden-arm-beach-chair,CHR-EDRIK-BEACH,مبلمان کمپینگ,"پارچه سومیت، چوب پلای‌وود، ضد آب و بسیار مقاوم، یراق آلات فلزی",رنگ: قرمز; وزن: ۳۳۰۰گرم; ,"3,200,000.00",3
صندلی تاشو راحت نشین ,comfort-folding-chair,CHR-COMFORT-FOLD,مبلمان کمپینگ,"دارای پنج حالت تنظیم، پارچه سومیت",رنگ: مشکی; وزن:۲۵۰۰گرم; کیف: دارد; ,"1,200,000.00",2
هندزفری طرح آیفون,iphone-style-earphones,ACC-EARPHONE-IPS,لوازم جانبی سفر,"برد ده متری، مصرف پایین باتری، سریال s",رنگ: سفید; برد: حداقل ده متر; ,"900,000.00",7
مینی پاوربانک پنج هزار کالوس,calus-mini-power-bank-5000mah,PWB-CALUS-5000,لوازم جانبی سفر,"سوکت لایتنینگ، دارای پورت تایپ سی، بسیار با کیفیت ","رنگ: مشکی; ظرفیت: ۵۰۰۰mAh; پورت: Type-c, USB-C;","1,200,000.00",2
اجاق گاز مسافرتی Happy Home,happy-home-portable-gas-stove,STV-HAPPYHOME-PORT,پخت و پز و غذا,"کارکرد با کپسول مخصوص، دارای قفل کپسول، دارای فندک","رنگ: مشکی; کیف: دارد; اتصالات: کپسول, گازشهری;","3,000,000.00",3
لامپ LED بادی وارداتی,inflatable-led-lamp,LMP-LED-INFL,روشنایی و برق," قابلیت آویز و جذب آهن‌ربایی، مناسب هر مکانی، ده حالت تنظیم نور",رنگ: آبی; رنگ نور: مهتابی; طول: ۶۰CM; خروجی: USB; ,"600,000.00",6
اینورتر 200W خودرویی ,car-power-inverter-200w,INV-CAR-200W,روشنایی و برق,"دارای سه خروجی دو شاخه تا نهایت ۲۰۰ وات، و ۲خروجی فندکی","رنگ: مشکی; خروجی: USB, فندکی, دو شاخه; ","2,700,000.00",15
اینورترشارژی پرتابل برق ,rechargeable-portable-inverter,INV-PORT-RECH,روشنایی و برق,"دارای خروجی برق شهری، باتری لیتیومی، مناسب مودم روشنایی و ...",رنگ: آبی; خروجی: ۲۲۰ولت; پورت: usb; نمایشگر: دارد;,"3,200,000.00",9
چادر شش نفره اتوماتیک سایبان‌دار,automatic-tent-6-person-with-canopy,TNT-AUTO-6P-CNP,کمپینگ و سرپناه,"برزنتی، ضدآب، دارای دو درب و توری و میخ استحکام سازی",رنگ: آبی; وزن: ۲کیلوگرم; جنس: برزنتی; ابعاد: ‍۱۸۰*۱۸۰; توری: دارد,"9,500,000.00",3
چادر مسافرتی اتوماتیک ۸ نفره ,automatic-travel-tent-8-person,TNT-AUTO-8P,کمپینگ و سرپناه,"مناسب برای خوابیدن ۴ یا ۵ نفر، دارای پنجره و توری","رنگ: سبز، نارنجی; وزن: ۴کیلوگرم; ابعاد: ۲۴۰*۲۴۰; ارتفاع: ۱۶۵; ","13,500,000.00",0
چادر میله عصایی چهار نفره ,cane-pole-tent-4-person,TNT-CANE-4P,کمپینگ و سرپناه,"مناسب برای خوابیدن ۲ یا ۳ نفر، نصب آسان، برزنتی",رنگ: نارنجی; وزن: ۳ کیلوگرم;,"4,700,000.00",3
,,,,,,,
,,,,,,,
,,,,,,,
,,,,,,,
,,,,,,,
,,,,,,,
,,,,,,,
,,,,,,,
,,,,,,,
,,,,,,,
,,,,,,,
,,,,,,,
,,,,,,,
,,,,,,,
,,,,,,,
,,,,,,,
,,,,,,,
,,,,,,,
,,,,,,,
,,,,,,,
,,,,,,,
,,,,,,,
,,,,,,,
,,,,,,,
,,,,,,,
,,,,,,,
,,,,,,,
,,,,,,,
,,,,,,,
,,,,,,,
,,,,,,,
,,,,,,,
,,,,,,,
,,,,,,,
,,,,,,,
,,,,,,,
,,,,,,,
,,,,,,,
,,,,,,,
,,,,,,,
,,,,,,,
,,,,,,,
,,,,,,,
,,,,,,,
,,,,,,,
,,,,,,,
,,,,,,,
,,,,,,,
,,,,,,,
,,,,,,,
,,,,,,,
,,,,,,,
,,,,,,,
,,,,,,,
,,,,,,,
,,,,,,,
,,,,,,,
,,,,,,,
,,,,,,,
,,,,,,,
,,,,,,,
,,,,,,,
,,,,,,,
,,,,,,,
,,,,,,,
,,,,,,,
,,,,,,,
,,,,,,,
,,,,,,,
,,,,,,,
,,,,,,,
,,,,,,,
,,,,,,,
,,,,,,,
,,,,,,,
,,,,,,,
,,,,,,,
,,,,,,,
,,,,,,,
,,,,,,,
,,,,,,,
,,,,,,,
